Наименование;Цена;Размер;Цвет;Скидка%;Ссылка на товар
Диван прямой Линс;26 990;"Спальное место (ДхШхВ),  см: 199 x 145 x 45; Размеры (ДхШхВ),  см: 199 x 93 x 94";Не указан;40;https://www.divan.ruhttps://www.divan.ru/product/divan-pryamoj-lins-art--2003469225
Распашной шкаф Монблан-3 Fancy Grafit;42 990;Размеры (ДхШхВ),  см: 139 x 50 x 215;Не указан;31;https://www.divan.ruhttps://www.divan.ru/product/raspashnoj-shkaf-monblan-3-fancy-grafit-art--2002837417
Кресло Тут Рядом Космос-2 Серый;28 190;Размеры (ДхШхВ),  см: 93 x 86 x 143;Серый;70;https://www.divan.ruhttps://www.divan.ru/product/kreslo-tut-ryadom-kosmos-2-seryj-art--2002709617
Комплект столов Кай White;1890;Не указан;Не указан;84;https://www.divan.ruhttps://www.divan.ru/product/komplekt-stolov-kaj-white-art--2002892078
Полка Чейз-2 White;590;Размеры (ДхШхВ),  см: 45 x 16 x 10;Не указан;70;https://www.divan.ruhttps://www.divan.ru/product/polka-chejz-2-white-art--2003156644
Ковер Тут Рядом Удобно Сине-бежевый 120;1990;Размеры (ДхШхВ),  см: 120 x 120;Бежевый;80;https://www.divan.ruhttps://www.divan.ru/product/kover-tut-ryadom-udobno-sine-bejevyj-120-art--2001738844
Тумба Флойд-1 Black;6990;Размеры (ДхШхВ),  см: 150 x 40 x 75;Не указан;36;https://www.divan.ruhttps://www.divan.ru/product/tumba-flojd-1-black-art--2003112441
Шкаф детский Милна-2.1 Milk;6090;Размеры (ДхШхВ),  см: 60 x 40 x 127;Не указан;58;https://www.divan.ruhttps://www.divan.ru/product/shkaf-detskij-milna-2-1-milk-art--vl000042472
Диван садовый Lotus Textile Ginger;34 790;Размеры (ДхШхВ),  см: 172 x 84 x 82;Не указан;61;https://www.divan.ruhttps://www.divan.ru/product/divan-sadovyj-lotus-textile-ginger-art--2002562900
Стул Валенсия Chromium Pink;4490;Размеры (ДхШхВ),  см: 43 x 53 x 86;Не указан;25;https://www.divan.ruhttps://www.divan.ru/product/stul-valensiya-chromium-pink-art--2003035881
ТВ-тумба Флойд-1 Beige;8990;Размеры (ДхШхВ),  см: 120 x 40 x 55;Не указан;77;https://www.divan.ruhttps://www.divan.ru/product/tv-tumba-flojd-1-beige-art--2003112113
Пуф Тут Рядом Дом Синий;7490;Размеры (ДхШхВ),  см: 58 x 55 x 43;Синий;42;https://www.divan.ruhttps://www.divan.ru/product/puf-tut-ryadom-dom-sinij-art--2001753709
Стул Филлис Yellow;3990;Размеры (ДхШхВ),  см: 65 x 65 x 78;Не указан;55;https://www.divan.ruhttps://www.divan.ru/product/stul-fillis-yellow-art--2002929892
Торшер Вэни White;10 690;Размеры (ДхШхВ),  см: 25 x 25 x 162;Не указан;9;https://www.divan.ruhttps://www.divan.ru/product/torsher-veni-white-art--2001388546
Комплект столов Кай White;1890;Не указан;Не указан;84;https://www.divan.ruhttps://www.divan.ru/product/komplekt-stolov-kaj-white-art--2002892082
Полка Чейз-2 White;590;Размеры (ДхШхВ),  см: 45 x 16 x 10;Не указан;70;https://www.divan.ruhttps://www.divan.ru/product/polka-chejz-2-white-art--2003156646
Ковер Пандора-Светло-серый 120x180;4890;Размеры (ДхШхВ),  см: 180 x 120;Серый;38;https://www.divan.ruhttps://www.divan.ru/product/kover-pandora-svetlo-seryj-120x180-art--2002850418
Тумба Флойд-1 Black;6990;Размеры (ДхШхВ),  см: 150 x 40 x 75;Не указан;36;https://www.divan.ruhttps://www.divan.ru/product/tumba-flojd-1-black-art--2003112442
Стул полубарный Бертоя Chrome Black;9390;Размеры (ДхШхВ),  см: 55 x 47 x 96;Не указан;37;https://www.divan.ruhttps://www.divan.ru/product/stul-polubarnyj-bertoya-chrome-black-art--2001693660
ТВ-тумба Флойд-1 Black;8990;Размеры (ДхШхВ),  см: 120 x 40 x 55;Не указан;77;https://www.divan.ruhttps://www.divan.ru/product/tv-tumba-flojd-1-black-art--2003112158
Пуф Кофи Velvet Pink;1890;Размеры (ДхШхВ),  см: 35 x 35 x 42;Не указан;62;https://www.divan.ruhttps://www.divan.ru/product/puf-kofi-velvet-pink-art--2003146112
Стул Руфус Bordo;6690;Размеры (ДхШхВ),  см: 56 x 60 x 74;Не указан;48;https://www.divan.ruhttps://www.divan.ru/product/stul-rufus-bordo-art--2003135656
Комплект столов Кай White;1890;Не указан;Не указан;84;https://www.divan.ruhttps://www.divan.ru/product/komplekt-stolov-kaj-white-art--2002892075
Полка Чейз-2 Wood;490;Размеры (ДхШхВ),  см: 45 x 16 x 10;Не указан;75;https://www.divan.ruhttps://www.divan.ru/product/polka-chejz-2-wood-art--2003321886
Ковер Тут Рядом Неожиданно Сине-бежевый 120x180;4890;Размеры (ДхШхВ),  см: 180 x 120;Бежевый;62;https://www.divan.ruhttps://www.divan.ru/product/kover-tut-ryadom-neojidanno-sine-bejevyj-120x180-art--2001733981
Тумба прикроватная Мэллани Mokko;5990;Размеры (ДхШхВ),  см: 46 x 44 x 48;Не указан;70;https://www.divan.ruhttps://www.divan.ru/product/tumba-prikrovatnaya-mellani-mokko-art--2003377156
Офисное кресло Кларк Blue;5190;Размеры (ДхШхВ),  см: 54 x 59 x 88;Не указан;62;https://www.divan.ruhttps://www.divan.ru/product/ofisnoe-kreslo-klark-blue-art--2002649471
ТВ-тумба Флойд-1 Bordo;7990;Размеры (ДхШхВ),  см: 120 x 40 x 55;Не указан;20;https://www.divan.ruhttps://www.divan.ru/product/tv-tumba-flojd-1-bordo-art--2003112145
Стул Винфорд Bordo;6690;Размеры (ДхШхВ),  см: 58 x 62 x 79;Не указан;52;https://www.divan.ruhttps://www.divan.ru/product/stul-vinford-bordo-art--2003134767
Журнальный стол Джексон Орех;4490;Размеры (ДхШхВ),  см: 78 x 77 x 50;Не указан;65;https://www.divan.ruhttps://www.divan.ru/product/jurnalnyj-stol-djekson-oreh-art--2003500339
Ковер Mineral-Lilac 160x230;6390;Размеры (ДхШхВ),  см: 230 x 160;Не указан;62;https://www.divan.ruhttps://www.divan.ru/product/kover-mineral-lilac-160x230-art--2002657126
Тумба прикроватная Тайрон Amsterdam;5590;Размеры (ДхШхВ),  см: 51 x 45 x 48;Не указан;67;https://www.divan.ruhttps://www.divan.ru/product/tumba-prikrovatnaya-tajron-amsterdam-art--2002428283
Офисное кресло Стивен Beige;4590;Размеры (ДхШхВ),  см: 55 x 58 x 88;Не указан;64;https://www.divan.ruhttps://www.divan.ru/product/ofisnoe-kreslo-stiven-beige-art--2002749976
ТВ-тумба Флойд-2 Beige;9990;Размеры (ДхШхВ),  см: 180 x 40 x 55;Не указан;81;https://www.divan.ruhttps://www.divan.ru/product/tv-tumba-flojd-2-beige-art--2003112250
Стул Филлис Yellow;3990;Размеры (ДхШхВ),  см: 65 x 65 x 78;Не указан;55;https://www.divan.ruhttps://www.divan.ru/product/stul-fillis-yellow-art--2002929891
Журнальный стол Ролинс Glossy Olive;9690;Размеры (ДхШхВ),  см: 130 x 80 x 36;Не указан;62;https://www.divan.ruhttps://www.divan.ru/product/jurnalnyj-stol-rolins-glossy-olive-art--2003369849
Ковер Тут Рядом Легко Синий 160x230;8490;Размеры (ДхШхВ),  см: 230 x 160;Синий;57;https://www.divan.ruhttps://www.divan.ru/product/kover-tut-ryadom-legko-sinij-160x230-art--2001772512
Тумба Лигес-1 Grafit;14 990;Размеры (ДхШхВ),  см: 93 x 45 x 120;Не указан;74;https://www.divan.ruhttps://www.divan.ru/product/tumba-liges-1-grafit-art--ek000049967
Стул Фэмили Terra;4790;Размеры (ДхШхВ),  см: 45 x 45 x 80;Не указан;37;https://www.divan.ruhttps://www.divan.ru/product/stul-femili-terra-art--2003232273
ТВ-тумба Флойд-1 Bordo;9990;Размеры (ДхШхВ),  см: 120 x 40 x 55;Не указан;75;https://www.divan.ruhttps://www.divan.ru/product/tv-tumba-flojd-1-bordo-art--2003112151
Стол Байли;19 790;Размеры (ДхШхВ),  см: 120 x 120 x 75;Не указан;67;https://www.divan.ruhttps://www.divan.ru/product/stol-bajli-art--2002331100
Кухонный стол Таргет Round White;8990;Размеры (ДхШхВ),  см: 90 x 90 x 75;Не указан;48;https://www.divan.ruhttps://www.divan.ru/product/kuhonnyj-stol-target-round-white-art--2003516920
Ковер Тут Рядом Неожиданно Графитовый 120x180;4390;Размеры (ДхШхВ),  см: 180 x 120;Не указан;66;https://www.divan.ruhttps://www.divan.ru/product/kover-tut-ryadom-neojidanno-grafitovyj-120x180-art--2001724065
Тумба Лигес-1 Grafit;14 990;Размеры (ДхШхВ),  см: 93 x 45 x 120;Не указан;74;https://www.divan.ruhttps://www.divan.ru/product/tumba-liges-1-grafit-art--2003406102
Офисное кресло Марти-2 Velvet Beige;5190;Размеры (ДхШхВ),  см: 48 x 53 x 76;Не указан;56;https://www.divan.ruhttps://www.divan.ru/product/ofisnoe-kreslo-marti-2-velvet-beige-art--2003529474
Стул Клейтон Beige;3190;Размеры (ДхШхВ),  см: 54 x 51 x 77;Не указан;54;https://www.divan.ruhttps://www.divan.ru/product/stul-klejton-beige-art--2002655754
Журнальный стол Маклин Wood;2390;Размеры (ДхШхВ),  см: 68 x 68 x 35;Не указан;65;https://www.divan.ruhttps://www.divan.ru/product/jurnalnyj-stol-maklin-wood-art--2003414573
Ковер Line-Pink 160x230;7990;Размеры (ДхШхВ),  см: 230 x 160;Не указан;42;https://www.divan.ruhttps://www.divan.ru/product/kover-line-pink-160x230-art--2002657127
